,,S0CH0,S0CH0,S0CH0,S0CH0,S0CH0,S0CH0,S0CH0,S0CH0,S0CH1,S0CH1,S0CH1,S0CH1,S0CH1,S0CH1,S0CH1,S0CH1,S0CH2,S0CH2,S0CH2,S0CH2,S0CH2,S0CH2,S0CH2,S0CH2,S0CH3,S0CH3,S0CH3,S0CH3,S0CH3,S0CH3,S0CH3,S0CH3,S0,S0,S0,S0,S0,S0,S0,S0,S0,S0,S0,S1CH0,S1CH0,S1CH0,S1CH0,S1CH0,S1CH0,S1CH0,S1CH0,S1CH1,S1CH1,S1CH1,S1CH1,S1CH1,S1CH1,S1CH1,S1CH1,S1CH2,S1CH2,S1CH2,S1CH2,S1CH2,S1CH2,S1CH2,S1CH2,S1CH3,S1CH3,S1CH3,S1CH3,S1CH3,S1CH3,S1CH3,S1CH3,S1,S1,S1,S1,S1,S1,S1,S1,S1,S1,S1,
Date,Time,DRAMClocks,Rank0 CKE Off Residency(%),Rank0 CKE Off Average Cycles,Rank0 Cycles per transition,DRAMClocks,Rank1 CKE Off Residency(%),Rank1 CKE Off Average Cycles,Rank1 Cycles per transition,DRAMClocks,Rank0 CKE Off Residency(%),Rank0 CKE Off Average Cycles,Rank0 Cycles per transition,DRAMClocks,Rank1 CKE Off Residency(%),Rank1 CKE Off Average Cycles,Rank1 Cycles per transition,DRAMClocks,Rank0 CKE Off Residency(%),Rank0 CKE Off Average Cycles,Rank0 Cycles per transition,DRAMClocks,Rank1 CKE Off Residency(%),Rank1 CKE Off Average Cycles,Rank1 Cycles per transition,DRAMClocks,Rank0 CKE Off Residency(%),Rank0 CKE Off Average Cycles,Rank0 Cycles per transition,DRAMClocks,Rank1 CKE Off Residency(%),Rank1 CKE Off Average Cycles,Rank1 Cycles per transition,PCUClocks,Freq band 0 cycles(%),Freq band 1 cycles(%),Freq band 2 cycles(%),Consumed energy units,Consumed Joules,Watts,Thermal headroom below TjMax(°C),Consumed DRAM energy units,Consumed DRAM Joules,DRAM Watts,DRAMClocks,Rank0 CKE Off Residency(%),Rank0 CKE Off Average Cycles,Rank0 Cycles per transition,DRAMClocks,Rank1 CKE Off Residency(%),Rank1 CKE Off Average Cycles,Rank1 Cycles per transition,DRAMClocks,Rank0 CKE Off Residency(%),Rank0 CKE Off Average Cycles,Rank0 Cycles per transition,DRAMClocks,Rank1 CKE Off Residency(%),Rank1 CKE Off Average Cycles,Rank1 Cycles per transition,DRAMClocks,Rank0 CKE Off Residency(%),Rank0 CKE Off Average Cycles,Rank0 Cycles per transition,DRAMClocks,Rank1 CKE Off Residency(%),Rank1 CKE Off Average Cycles,Rank1 Cycles per transition,DRAMClocks,Rank0 CKE Off Residency(%),Rank0 CKE Off Average Cycles,Rank0 Cycles per transition,DRAMClocks,Rank1 CKE Off Residency(%),Rank1 CKE Off Average Cycles,Rank1 Cycles per transition,PCUClocks,Freq band 0 cycles(%),Freq band 1 cycles(%),Freq band 2 cycles(%),Consumed energy units,Consumed Joules,Watts,Thermal headroom below TjMax(°C),Consumed DRAM energy units,Consumed DRAM Joules,DRAM Watts,
2026-01-15,05:38:26.808,669165934,0.01,45188,669165934,669165934,0.01,44894,669165934,669166748,0.01,43606,669166748,669166748,0.01,43323,669166748,669167134,0.01,42588,669167134,669167134,0.01,42376,669167134,669167509,0.01,41449,669167509,669167509,0.01,41244,669167509,803007581,99.98,99.98,0.00,4110070,62.71,62.71,40,703064,10.73,10.73,669121582,0.01,42548,669121582,669121582,0.01,42537,669121582,669121888,0.01,42169,669121888,669121888,0.01,42118,669121888,669121952,0.01,41995,669121952,669121952,0.01,41974,669121952,669121979,0.01,41796,669121979,669121979,0.01,41845,669121979,802940012,100.00,100.00,0.00,3351884,51.15,51.15,45,725184,11.07,11.07,
2026-01-15,05:38:27.808,666746524,0.01,41543,666746524,666746524,0.01,41552,666746524,666746943,0.01,41098,666746943,666746943,0.01,41085,666746943,666747037,0.01,40858,666747037,666747037,0.01,40836,666747037,666747131,0.01,40731,666747131,666747131,0.01,40715,666747131,800140364,99.99,99.99,0.00,4099611,62.56,62.49,41,702749,10.72,10.71,666740050,0.01,41913,666740050,666740050,0.01,41871,666740050,666740460,0.01,41428,666740460,666740460,0.01,41419,666740460,666740495,0.01,41384,666740495,666740495,0.01,41387,666740495,666740520,0.01,41359,666740520,666740520,0.01,41316,666740520,800136353,100.00,100.00,0.00,3346846,51.07,51.02,45,708140,10.81,10.79,
2026-01-15,05:38:28.812,667254130,0.01,40828,667254130,667254130,0.01,40873,667254130,667254523,0.01,40459,667254523,667254523,0.01,40454,667254523,667254579,0.01,40387,667254579,667254579,0.01,40360,667254579,667254644,0.01,40308,667254644,667254644,0.01,40298,667254644,800751987,99.99,99.99,0.00,4099405,62.55,62.55,39,702178,10.71,10.71,667251478,0.01,41556,667251478,667251478,0.01,41564,667251478,667251652,0.01,41388,667251652,667251652,0.01,41387,667251652,667251727,0.01,41298,667251727,667251727,0.01,41279,667251727,667251784,0.01,41199,667251784,667251784,0.01,41204,667251784,803454773,99.99,99.99,0.00,3357078,51.22,51.22,44,710583,10.84,10.84,
2026-01-15,05:38:29.811,666170921,0.01,40802,666170921,666170921,0.01,40786,666170921,666171235,0.01,40434,666171235,666171235,0.01,40421,666171235,666171301,0.01,40385,666171301,666171301,0.01,40414,666171301,666171460,0.01,40228,666171460,666171460,0.01,40237,666171460,799455037,99.99,99.99,0.00,4096505,62.51,62.51,41,698189,10.65,10.65,666170812,0.01,41655,666170812,666170812,0.01,41685,666170812,666171079,0.01,41501,666171079,666171079,0.01,41530,666171079,666171133,0.01,41533,666171133,666171133,0.01,41567,666171133,666171192,0.01,41531,666171192,666171192,0.01,41571,666171192,796767388,100.00,100.00,0.00,3330828,50.82,50.82,44,706900,10.79,10.79,
2026-01-15,05:38:30.814,667056285,0.01,40667,667056285,667056285,0.01,40643,667056285,667056660,0.01,40302,667056660,667056660,0.01,40326,667056660,667056755,0.01,40282,667056755,667056755,0.01,40298,667056755,667056888,0.01,40205,667056888,667056888,0.01,40220,667056888,800515969,99.99,99.99,0.00,4107397,62.67,62.67,39,703037,10.73,10.73,667054307,0.01,41908,667054307,667054307,0.01,41898,667054307,667054614,0.01,41567,667054614,667054614,0.01,41526,667054614,667054649,0.01,41432,667054649,667054649,0.01,41444,667054649,667054706,0.01,41403,667054706,667054706,0.01,41358,667054706,803224378,100.00,100.00,0.00,3359928,51.27,51.27,45,710239,10.84,10.84,
2026-01-15,05:38:31.809,666625180,0.01,40759,666625180,666625180,0.01,40802,666625180,666625572,0.01,40363,666625572,666625572,0.01,40361,666625572,666625623,0.01,40325,666625623,666625623,0.01,40307,666625623,666625673,0.01,40210,666625673,666625673,0.01,40225,666625673,799998678,99.99,99.99,0.00,4100597,62.57,62.57,40,702402,10.72,10.72,666623774,0.01,41681,666623774,666623774,0.01,41676,666623774,666623961,0.01,41500,666623961,666623961,0.01,41541,666623961,666624063,0.01,41455,666624063,666624063,0.01,41422,666624063,666624101,0.01,41360,666624101,666624101,0.01,41375,666624101,797275175,100.00,100.00,0.00,3331486,50.83,50.83,44,703038,10.73,10.73,
2026-01-15,05:38:32.809,666583630,0.01,40625,666583630,666583630,0.01,40580,666583630,666583970,0.01,40270,666583970,666583970,0.01,40258,666583970,666584072,0.01,40084,666584072,666584072,0.01,40070,666584072,666584121,0.01,40056,666584121,666584121,0.01,40056,666584121,799950463,100.00,100.00,0.00,4105644,62.65,62.65,40,694729,10.60,10.60,666583830,0.01,41653,666583830,666583830,0.01,41640,666583830,666583994,0.01,41435,666583994,666583994,0.01,41432,666583994,666584055,0.01,41371,666584055,666584055,0.01,41385,666584055,666584168,0.01,41301,666584168,666584168,0.01,41300,666584168,799950545,100.00,100.00,0.00,3346485,51.06,51.06,45,703241,10.73,10.73,
2026-01-15,05:38:33.811,666584616,0.01,40766,666584616,666584616,0.01,40797,666584616,666584909,0.01,40498,666584909,666584909,0.01,40498,666584909,666584976,0.01,40494,666584976,666584976,0.01,40515,666584976,666585124,0.01,40382,666585124,666585124,0.01,40340,666585124,799948964,99.99,99.99,0.00,4111878,62.74,62.74,40,695687,10.62,10.62,666582636,0.01,41650,666582636,666582636,0.01,41660,666582636,666582869,0.01,41404,666582869,666582869,0.01,41562,666582869,666582912,0.01,41787,666582912,666582912,0.01,41775,666582912,666583040,0.01,41616,666583040,666583040,0.01,41603,666583040,801966708,100.00,100.00,0.00,3355097,51.19,51.19,44,702688,10.72,10.72,
2026-01-15,05:38:34.814,666266131,0.01,40794,666266131,666266131,0.01,40839,666266131,666266433,0.01,40569,666266433,666266433,0.01,40619,666266433,666266511,0.01,40543,666266511,666266511,0.01,40569,666266511,666266670,0.01,40467,666266670,666266670,0.01,40534,666266670,799569567,100.00,100.00,0.00,4108027,62.68,62.68,40,699618,10.68,10.68,666267158,0.01,42100,666267158,666267158,0.01,42087,666267158,666267429,0.01,41797,666267429,666267429,0.01,41599,666267429,666267503,0.01,41271,666267503,666267503,0.01,41289,666267503,666267557,0.01,41207,666267557,666267557,0.01,41232,666267557,799995886,100.00,100.00,0.00,3346340,51.06,51.06,44,705327,10.76,10.76,
2026-01-15,05:38:35.809,667111379,0.01,41075,667111379,667111379,0.01,41009,667111379,667111636,0.01,40715,667111636,667111636,0.01,40677,667111636,667111704,0.01,40574,667111704,667111704,0.01,40536,667111704,667111759,0.01,40441,667111759,667111759,0.01,40401,667111759,800581690,99.99,99.99,0.00,4113132,62.76,62.70,39,695643,10.61,10.60,667109099,0.01,41659,667109099,667109099,0.01,41678,667109099,667109379,0.01,41397,667109379,667109379,0.01,41407,667109379,667109410,0.01,41339,667109410,667109410,0.01,41313,667109410,667109466,0.01,41245,667109466,667109466,0.01,41239,667109466,798135500,100.00,100.00,0.00,3341865,50.99,50.94,44,706356,10.78,10.77,
2026-01-15,05:38:36.810,667244117,0.01,40850,667244117,667244117,0.01,40861,667244117,667244461,0.01,40535,667244461,667244461,0.01,40523,667244461,667244531,0.01,40427,667244531,667244531,0.01,40455,667244531,667244675,0.01,40267,667244675,667244675,0.01,40233,667244675,800743094,100.00,100.00,0.00,4117151,62.82,62.82,40,698328,10.66,10.66,667244145,0.01,41460,667244145,667244145,0.01,41440,667244145,667244346,0.01,41271,667244346,667244346,0.01,41261,667244346,667244415,0.01,41202,667244415,667244415,0.01,41219,667244415,667244487,0.01,41203,667244487,667244487,0.01,41212,667244487,800744274,100.00,100.00,0.00,3354282,51.18,51.18,44,706236,10.78,10.78,
2026-01-15,05:38:37.809,666480819,0.01,40678,666480819,666480819,0.01,40670,666480819,666481191,0.01,40323,666481191,666481191,0.01,40322,666481191,666481303,0.01,40177,666481303,666481303,0.01,40141,666481303,666481367,0.01,40121,666481367,666481367,0.01,40125,666481367,799825991,100.00,100.00,0.00,4117834,62.83,62.83,39,698109,10.65,10.65,666479203,0.01,41585,666479203,666479203,0.01,41583,666479203,666479460,0.01,41310,666479460,666479460,0.01,41296,666479460,666479502,0.01,41253,666479502,666479502,0.01,41227,666479502,666479526,0.01,41147,666479526,666479526,0.01,41096,666479526,799823099,100.00,100.00,0.00,3354671,51.19,51.19,42,708845,10.82,10.82,
2026-01-15,05:38:38.809,666575197,0.01,40603,666575197,666575197,0.01,40595,666575197,666575505,0.01,40289,666575505,666575505,0.01,40313,666575505,666575571,0.01,40281,666575571,666575571,0.01,40294,666575571,666575626,0.01,40218,666575626,666575626,0.01,40232,666575626,799937732,100.00,100.00,0.00,4120405,62.87,62.87,39,702953,10.73,10.73,666574242,0.01,41413,666574242,666574242,0.01,41428,666574242,666574466,0.01,41275,666574466,666574466,0.01,41346,666574466,666574527,0.01,41314,666574527,666574527,0.01,41347,666574527,666574597,0.01,41358,666574597,666574597,0.01,41408,666574597,799940412,100.00,100.00,0.00,3354546,51.19,51.19,43,705801,10.77,10.77,
2026-01-15,05:38:39.814,666578248,0.01,40770,666578248,666578248,0.01,40707,666578248,666578536,0.01,50205,666578536,666578536,0.01,50223,666578536,666578597,0.01,50192,666578597,666578597,0.01,50183,666578597,666578756,0.01,50042,666578756,666578756,0.01,50054,666578756,799955468,100.00,100.00,0.00,4120151,62.87,62.87,39,701322,10.70,10.70,666587510,0.01,41788,666587510,666587510,0.01,41780,666587510,666587722,0.01,41506,666587722,666587722,0.01,41506,666587722,666587726,0.01,41505,666587726,666587726,0.01,41503,666587726,666587767,0.01,41433,666587767,666587767,0.01,41422,666587767,802140524,100.00,100.00,0.00,3364780,51.34,51.34,43,706811,10.79,10.79,
2026-01-15,05:38:40.813,666839145,0.01,50690,666839145,666839145,0.01,50789,666839145,666839491,0.01,40720,666839491,666839491,0.01,40761,666839491,666839663,0.01,40652,666839663,666839663,0.01,40739,666839663,666839654,0.01,40804,666839654,666839654,0.01,40871,666839654,800257218,100.00,100.00,0.00,4118336,62.84,62.84,38,700453,10.69,10.69,666838921,0.01,41516,666838921,666838921,0.01,41539,666838921,666839105,0.01,41374,666839105,666839105,0.01,41317,666839105,666839119,0.01,41275,666839119,666839119,0.01,41241,666839119,666839134,0.01,41145,666839134,666839134,0.01,41128,666839134,800797489,100.00,100.00,0.00,3360677,51.28,51.28,42,705520,10.77,10.77,
2026-01-15,05:38:41.809,666172248,0.01,41244,666172248,666172248,0.01,41172,666172248,666172599,0.01,40690,666172599,666172599,0.01,40575,666172599,666172552,0.01,40484,666172552,666172552,0.01,40396,666172552,666172656,0.01,40167,666172656,666172656,0.01,40079,666172656,799453229,100.00,100.00,0.00,4128618,63.00,63.00,38,698643,10.66,10.66,666169858,0.01,41472,666169858,666169858,0.01,41427,666169858,666170065,0.01,41206,666170065,666170065,0.01,41197,666170065,666170123,0.01,41101,666170123,666170123,0.01,41119,666170123,666170153,0.01,41122,666170153,666170153,0.01,41103,666170153,796739416,100.00,100.00,0.00,3341307,50.98,50.98,44,702165,10.71,10.71,
2026-01-15,05:38:42.809,666585776,0.01,40339,666585776,666585776,0.01,40395,666585776,666586188,0.01,40053,666586188,666586188,0.01,40103,666586188,666586214,0.01,40130,666586214,666586214,0.01,40162,666586214,666586285,0.01,40137,666586285,666586285,0.01,40135,666586285,799952592,100.00,100.00,0.00,4137702,63.14,63.14,37,696203,10.62,10.62,666585831,0.01,41358,666585831,666585831,0.01,41393,666585831,666586004,0.01,41216,666586004,666586004,0.01,41231,666586004,666586046,0.01,41232,666586046,666586046,0.01,41234,666586046,666586072,0.01,41229,666586072,666586072,0.01,41248,666586072,799939436,100.00,100.00,0.00,3353087,51.16,51.16,44,708820,10.82,10.82,
2026-01-15,05:38:43.810,666579627,0.01,40636,666579627,666579627,0.01,40622,666579627,666579972,0.01,40245,666579972,666579972,0.01,40229,666579972,666580080,0.01,40120,666580080,666580080,0.01,40094,666580080,666580138,0.01,40058,666580138,666580138,0.01,40098,666580138,799943481,100.00,100.00,0.00,4137219,63.13,63.13,38,700385,10.69,10.69,666579125,0.01,41586,666579125,666579125,0.01,41611,666579125,666579491,0.01,41526,666579491,666579491,0.01,42003,666579491,666579494,0.01,42004,666579494,666579494,0.01,42083,666579494,666579521,0.01,42031,666579521,666579521,0.01,41994,666579521,799946047,100.00,100.00,0.00,3356491,51.22,51.22,44,709104,10.82,10.82,
2026-01-15,05:38:44.811,667152146,0.01,40591,667152146,667152146,0.01,40596,667152146,667152424,0.01,40350,667152424,667152424,0.01,40352,667152424,667152511,0.01,40239,667152511,667152511,0.01,40248,667152511,667152545,0.01,40169,667152545,667152545,0.01,40163,667152545,800631664,100.00,100.00,0.00,4142586,63.21,63.21,37,698505,10.66,10.66,667150897,0.01,42289,667150897,667150897,0.01,42232,667150897,667151137,0.01,41758,667151137,667151137,0.01,41306,667151137,667151157,0.01,41275,667151157,667151157,0.01,41203,667151157,667151213,0.01,41190,667151213,667151213,0.01,41255,667151213,800631358,100.00,100.00,0.00,3358305,51.24,51.24,43,710109,10.84,10.84,
2026-01-15,05:38:45.812,666623144,0.01,40911,666623144,666623144,0.01,40962,666623144,666623500,0.01,40679,666623500,666623500,0.01,40727,666623500,666623592,0.01,40739,666623592,666623592,0.01,40842,666623592,666623696,0.01,40885,666623696,666623696,0.01,40947,666623696,799998489,100.00,100.00,0.00,4146774,63.27,63.27,37,698602,10.66,10.66,666622183,0.01,41612,666622183,666622183,0.01,41669,666622183,666622409,0.01,41442,666622409,666622409,0.01,41441,666622409,666622463,0.01,41441,666622463,666622463,0.01,41462,666622463,666622465,0.01,41458,666622465,666622465,0.01,41472,666622465,799998381,99.98,99.98,0.00,3359255,51.26,51.26,41,702787,10.72,10.72,
2026-01-15,05:38:46.810,666624649,0.01,41335,666624649,666624649,0.01,41301,666624649,666625042,0.01,40818,666625042,666625042,0.01,40776,666625042,666625037,0.01,40706,666625037,666625037,0.01,40594,666625037,666625027,0.01,40511,666625027,666625027,0.01,40458,666625027,799998190,100.00,100.00,0.00,4138282,63.15,63.15,37,700628,10.69,10.69,666623817,0.01,41901,666623817,666623817,0.01,41889,666623817,666624030,0.01,41666,666624030,666624030,0.01,41701,666624030,666624057,0.01,41636,666624057,666624057,0.01,41602,666624057,666624101,0.01,41563,666624101,666624101,0.01,41547,666624101,799997142,99.99,99.99,0.00,3359983,51.27,51.27,43,703954,10.74,10.74,
2026-01-15,05:38:47.810,666591234,0.01,40722,666591234,666591234,0.01,40691,666591234,666591599,0.01,40307,666591599,666591599,0.01,40301,666591599,666591656,0.01,40237,666591656,666591656,0.01,40242,666591656,666591777,0.01,40038,666591777,666591777,0.01,40005,666591777,799958123,100.00,100.00,0.00,4141182,63.19,63.19,37,700628,10.69,10.69,666590063,0.01,41658,666590063,666590063,0.01,41659,666590063,666590246,0.01,41426,666590246,666590246,0.01,41389,666590246,666590292,0.01,41325,666590292,666590292,0.01,41357,666590292,666590319,0.01,41341,666590319,666590319,0.01,41305,666590319,799957397,99.98,99.98,0.00,3356622,51.22,51.22,42,698873,10.66,10.66,
2026-01-15,05:38:48.812,666624676,0.01,40574,666624676,666624676,0.01,40568,666624676,666625108,0.01,40111,666625108,666625108,0.01,40137,666625108,666625194,0.01,40085,666625194,666625194,0.01,40099,666625194,666625260,0.01,40075,666625260,666625260,0.01,40069,666625260,799998085,100.00,100.00,0.00,4143955,63.23,63.23,36,698505,10.66,10.66,666623440,0.01,41593,666623440,666623440,0.01,41620,666623440,666623726,0.01,41407,666623726,666623726,0.01,41394,666623726,666623745,0.01,41377,666623745,666623745,0.01,41339,666623745,666623784,0.01,41275,666623784,666623784,0.01,41303,666623784,801964632,99.96,99.96,0.00,3365705,51.36,51.36,43,703460,10.73,10.73,
2026-01-15,05:38:49.810,666211842,0.01,40740,666211842,666211842,0.01,40834,666211842,666211999,0.01,40681,666211999,666211999,0.01,40644,666211999,666212075,0.01,40505,666212075,666212075,0.01,40485,666212075,666212122,0.01,40440,666212122,666212122,0.01,40493,666212122,799503320,100.00,100.00,0.00,4131380,63.04,63.04,38,697799,10.65,10.65,666211042,0.01,41678,666211042,666211042,0.01,41658,666211042,666211314,0.01,41345,666211314,666211314,0.01,41375,666211314,666211348,0.01,41367,666211348,666211348,0.01,41389,666211348,666211398,0.01,41340,666211398,666211398,0.01,41338,666211398,797549568,99.95,99.95,0.00,3347186,51.07,51.07,42,706589,10.78,10.78,
2026-01-15,05:38:50.811,667060808,0.01,40674,667060808,667060808,0.01,40671,667060808,667061105,0.01,40471,667061105,667061105,0.01,40550,667061105,667061246,0.01,40511,667061246,667061246,0.01,40599,667061246,667061317,0.01,40613,667061317,667061317,0.01,40644,667061317,800522320,100.00,100.00,0.00,4148333,63.30,63.30,37,700650,10.69,10.69,667059777,0.01,41901,667059777,667059777,0.01,41858,667059777,667060091,0.01,41573,667060091,667060091,0.01,41557,667060091,667060147,0.01,41530,667060147,667060147,0.01,41519,667060147,667060195,0.01,41795,667060195,667060195,0.01,41805,667060195,800510341,99.95,99.95,0.00,3362087,51.30,51.30,43,710110,10.84,10.84,
2026-01-15,05:38:51.811,666627991,0.01,41259,666627991,666627991,0.01,41169,666627991,666628281,0.01,40864,666628281,666628281,0.01,40800,666628281,666628352,0.01,40671,666628352,666628352,0.01,40617,666628352,666628395,0.01,40512,666628395,666628395,0.01,40427,666628395,800002696,100.00,100.00,0.00,4137937,63.14,63.14,38,698530,10.66,10.66,666627220,0.01,42072,666627220,666627220,0.01,42118,666627220,666627406,0.01,41972,666627406,666627406,0.01,41986,666627406,666627420,0.01,41943,666627420,666627420,0.01,41942,666627420,666627501,0.01,41546,666627501,666627501,0.01,41521,666627501,800004199,99.96,99.96,0.00,3358120,51.24,51.24,43,708556,10.81,10.81,
2026-01-15,05:38:52.810,666619823,0.01,40755,666619823,666619823,0.01,40745,666619823,666620219,0.01,40312,666620219,666620219,0.01,40308,666620219,666620315,0.01,40168,666620315,666620315,0.01,40164,666620315,666620317,0.01,40125,666620317,666620317,0.01,40131,666620317,799991997,100.00,100.00,0.00,4138281,63.15,63.15,38,700625,10.69,10.69,666618327,0.01,41747,666618327,666618327,0.01,41735,666618327,666618560,0.01,41403,666618560,666618560,0.01,41365,666618560,666618623,0.01,41327,666618623,666618623,0.01,41356,666618623,666618664,0.01,41343,666618664,666618664,0.01,41342,666618664,799991545,99.99,99.99,0.00,3356978,51.22,51.22,42,716657,10.94,10.94,
2026-01-15,05:38:53.814,666628743,0.01,40544,666628743,666628743,0.01,40551,666628743,666629112,0.01,40163,666629112,666629112,0.01,40170,666629112,666629149,0.01,40200,666629149,666629149,0.01,40168,666629149,666629260,0.01,40053,666629260,666629260,0.01,40041,666629260,800002660,100.00,100.00,0.00,4138842,63.15,63.15,37,704165,10.74,10.74,666626764,0.01,41781,666626764,666626764,0.01,41746,666626764,666627050,0.01,41492,666627050,666627050,0.01,41486,666627050,666627099,0.01,41425,666627099,666627099,0.01,41426,666627099,666627192,0.01,41345,666627192,666627192,0.01,41349,666627192,800329200,99.96,99.96,0.00,3355774,51.21,51.21,44,717276,10.94,10.94,
2026-01-15,05:38:54.810,666624560,0.01,40715,666624560,666624560,0.01,40729,666624560,666624883,0.01,40405,666624883,666624883,0.01,40383,666624883,666624974,0.01,40245,666624974,666624974,0.01,40247,666624974,666625101,0.01,40117,666625101,666625101,0.01,40141,666625101,799999152,100.00,100.00,0.00,4149191,63.31,63.31,36,702085,10.71,10.71,666624756,0.01,41724,666624756,666624756,0.01,41743,666624756,666625036,0.01,41447,666625036,666625036,0.01,41434,666625036,666625085,0.01,41335,666625085,666625085,0.01,41299,666625085,666625141,0.01,41218,666625141,666625141,0.01,41248,666625141,799672555,99.97,99.97,0.00,3358351,51.24,51.24,43,711733,10.86,10.86,
2026-01-15,05:38:55.810,666590714,0.01,40622,666590714,666590714,0.01,40663,666590714,666591083,0.01,40338,666591083,666591083,0.01,40358,666591083,666591141,0.01,40312,666591141,666591141,0.01,40312,666591141,666591201,0.01,40287,666591201,666591201,0.01,40303,666591201,799957860,100.00,100.00,0.00,4153949,63.38,63.38,38,700614,10.69,10.69,666589281,0.01,41670,666589281,666589281,0.01,41685,666589281,666589521,0.01,41437,666589521,666589521,0.01,41516,666589521,666589563,0.01,41474,666589563,666589563,0.01,41503,666589563,666589599,0.01,41442,666589599,666589599,0.01,41433,666589599,799955966,99.99,99.99,0.00,3360462,51.28,51.28,42,715096,10.91,10.91,
2026-01-15,05:38:56.812,666586212,0.01,40938,666586212,666586212,0.01,40890,666586212,666586599,0.01,40494,666586599,666586599,0.01,40513,666586599,666586698,0.01,40501,666586698,666586698,0.01,40544,666586698,666586790,0.01,40524,666586790,666586790,0.01,40621,666586790,799953058,100.00,100.00,0.00,4150788,63.34,63.34,37,697001,10.64,10.64,666586330,0.01,41532,666586330,666586330,0.01,41523,666586330,666586501,0.01,41387,666586501,666586501,0.01,41332,666586501,666586525,0.01,41293,666586525,666586525,0.01,41251,666586525,666586558,0.01,41200,666586558,666586558,0.01,41165,666586558,801961569,99.98,99.98,0.00,3370051,51.42,51.42,42,704189,10.75,10.75,
2026-01-15,05:38:57.813,666263900,0.01,41096,666263900,666263900,0.01,41094,666263900,666264166,0.01,40807,666264166,666264166,0.01,40776,666264166,666264197,0.01,40681,666264197,666264197,0.01,40628,666264197,666264312,0.01,40438,666264312,666264312,0.01,40312,666264312,799564982,100.00,100.00,0.00,4148077,63.29,63.29,37,698745,10.66,10.66,666262301,0.01,41480,666262301,666262301,0.01,41471,666262301,666262543,0.01,41227,666262543,666262543,0.01,41231,666262543,666262584,0.01,41272,666262584,666262584,0.01,41333,666262584,666262620,0.01,41340,666262620,666262620,0.01,41356,666262620,799195916,99.95,99.95,0.00,3361747,51.30,51.30,41,708924,10.82,10.82,
2026-01-15,05:38:58.812,667050114,0.01,40628,667050114,667050114,0.01,40653,667050114,667050497,0.01,40255,667050497,667050497,0.01,40265,667050497,667050565,0.01,40163,667050565,667050565,0.01,40153,667050565,667050636,0.01,40070,667050636,667050636,0.01,40065,667050636,800508803,99.99,99.99,0.00,4153246,63.37,63.37,37,703725,10.74,10.74,667049480,0.01,41610,667049480,667049480,0.01,41589,667049480,667049738,0.01,41315,667049738,667049738,0.01,41316,667049738,667049775,0.01,41207,667049775,667049775,0.01,41164,667049775,667049808,0.01,41075,667049808,667049808,0.01,41082,667049808,798869980,99.97,99.97,0.00,3359900,51.27,51.27,42,711562,10.86,10.86,
2026-01-15,05:38:59.813,666617251,0.01,40436,666617251,666617251,0.01,40424,666617251,666617470,0.01,40247,666617470,666617470,0.01,40227,666617470,666617582,0.01,40135,666617582,666617582,0.01,40158,666617582,666617658,0.01,40061,666617658,666617658,0.01,40079,666617658,799989530,100.00,100.00,0.00,4152390,63.36,63.36,36,705034,10.76,10.76,666616601,0.01,41397,666616601,666616601,0.01,41427,666616601,666616795,0.01,41218,666616795,666616795,0.01,41217,666616795,666616824,0.01,41259,666616824,666616824,0.01,41303,666616824,666616824,0.01,41344,666616824,666616824,0.01,41374,666616824,799989494,99.97,99.97,0.00,3363995,51.33,51.33,42,704649,10.75,10.75,
2026-01-15,05:39:00.810,666664211,0.01,40596,666664211,666664211,0.01,40560,666664211,666664531,0.01,40200,666664531,666664531,0.01,40362,666664531,666664603,0.01,40713,666664603,666664603,0.01,40668,666664603,666664738,0.01,40545,666664738,666664738,0.01,40534,666664738,800045688,100.00,100.00,0.00,4152749,63.37,63.37,36,699667,10.68,10.68,666662416,0.01,41686,666662416,666662416,0.01,41656,666662416,666662625,0.01,41466,666662625,666662625,0.01,41449,666662625,666662708,0.01,41296,666662708,666662708,0.01,41250,666662708,666662756,0.01,41178,666662756,666662756,0.01,41120,666662756,800044258,99.91,99.91,0.00,3363069,51.32,51.32,41,711865,10.86,10.86,
2026-01-15,05:39:01.809,666456743,0.01,41169,666456743,666456743,0.01,41195,666456743,666457085,0.01,40855,666457085,666457085,0.01,40717,666457085,666457176,0.01,40188,666457176,666457176,0.01,40221,666457176,666457288,0.01,40361,666457288,666457288,0.01,40979,666457288,799798319,99.98,99.98,0.00,4150911,63.34,63.34,38,701102,10.70,10.70,666457593,0.01,41449,666457593,666457593,0.01,41468,666457593,666457892,0.01,41158,666457892,666457892,0.01,41216,666457892,666457975,0.01,41189,666457975,666457975,0.01,41206,666457975,666458034,0.01,41186,666458034,666458034,0.01,41201,666458034,799800071,99.93,99.93,0.00,3365355,51.35,51.35,41,703748,10.74,10.74,
2026-01-15,05:39:02.809,666620793,0.01,41588,666620793,666620793,0.01,41594,666620793,666621264,0.01,41109,666621264,666621264,0.01,41086,666621264,666621327,0.01,41033,666621327,666621327,0.01,41037,666621327,666621390,0.01,40713,666621390,666621390,0.01,40082,666621390,799995391,99.91,99.91,0.00,4142239,63.21,63.21,37,704051,10.74,10.74,666621651,0.01,41641,666621651,666621651,0.01,41660,666621651,666621866,0.01,41461,666621866,666621866,0.01,41416,666621866,666621936,0.01,41308,666621936,666621936,0.01,41264,666621936,666622006,0.01,41162,666622006,666622006,0.01,41176,666622006,799997045,99.92,99.92,0.00,3366914,51.38,51.38,41,698550,10.66,10.66,
2026-01-15,05:39:03.812,666577418,0.01,40675,666577418,666577418,0.01,40696,666577418,666577733,0.01,40408,666577733,666577733,0.01,40441,666577733,666577807,0.01,40384,666577807,666577807,0.01,40391,666577807,666577946,0.01,40308,666577946,666577946,0.01,40356,666577946,799940675,99.94,99.94,0.00,4145306,63.25,63.25,37,704387,10.75,10.75,666575079,0.01,41417,666575079,666575079,0.01,41404,666575079,666575250,0.01,41242,666575250,666575250,0.01,41260,666575250,666575284,0.01,41195,666575284,666575284,0.01,41239,666575284,666575311,0.01,41213,666575311,666575311,0.01,41228,666575311,799938198,99.93,99.93,0.00,3369159,51.41,51.41,42,704038,10.74,10.74,
2026-01-15,05:39:04.810,666803543,0.01,41000,666803543,666803543,0.01,40914,666803543,666804011,0.01,40408,666804011,666804011,0.01,40373,666804011,666804071,0.01,40260,666804071,666804071,0.01,40229,666804071,666804136,0.01,40118,666804136,666804136,0.01,40074,666804136,800212361,99.96,99.96,0.00,4146934,63.28,63.28,37,697947,10.65,10.65,666802288,0.01,41563,666802288,666802288,0.01,41586,666802288,666802544,0.01,41318,666802544,666802544,0.01,41261,666802544,666802559,0.01,41272,666802559,666802559,0.01,41258,666802559,666802581,0.01,41238,666802581,666802581,0.01,41214,666802581,800213809,99.85,99.85,0.00,3367664,51.39,51.39,42,704722,10.75,10.75,
2026-01-15,05:39:05.813,666590305,0.01,40481,666590305,666590305,0.01,40538,666590305,666590741,0.01,40260,666590741,666590741,0.01,40256,666590741,666590828,0.01,40182,666590828,666590828,0.01,40229,666590828,666590917,0.01,40174,666590917,666590917,0.01,40214,666590917,799957865,99.98,99.98,0.00,4152598,63.36,63.36,38,699675,10.68,10.68,666590159,0.01,41458,666590159,666590159,0.01,41395,666590159,666590376,0.01,41159,666590376,666590376,0.01,41203,666590376,666590442,0.01,41137,666590442,666590442,0.01,41142,666590442,666590510,0.01,41085,666590510,666590510,0.01,41068,666590510,799957935,99.88,99.88,0.00,3368270,51.40,51.40,42,703829,10.74,10.74,
2026-01-15,05:39:06.812,666670654,0.01,40816,666670654,666670654,0.01,40823,666670654,666671095,0.01,40245,666671095,666671095,0.01,40290,666671095,666671192,0.01,40195,666671192,666671192,0.01,40188,666671192,666671237,0.01,40089,666671237,666671237,0.01,40051,666671237,800053181,99.91,99.91,0.00,4151057,63.34,63.34,37,704847,10.76,10.76,666669168,0.01,41556,666669168,666669168,0.01,41581,666669168,666669393,0.01,41349,666669393,666669393,0.01,41331,666669393,666669479,0.01,41230,666669479,666669479,0.01,41225,666669479,666669538,0.01,41212,666669538,666669538,0.01,41259,666669538,800053461,99.90,99.90,0.00,3366908,51.37,51.37,40,702450,10.72,10.72,
2026-01-15,05:39:07.810,666609624,0.01,40653,666609624,666609624,0.01,40637,666609624,666610049,0.01,40196,666610049,666610049,0.01,40161,666610049,666610121,0.01,40080,666610121,666610121,0.01,40080,666610121,666610182,0.01,40004,666610182,666610182,0.01,40019,666610182,799981163,99.95,99.95,0.00,4150877,63.34,63.34,37,699259,10.67,10.67,666609659,0.01,41360,666609659,666609659,0.01,41392,666609659,666609804,0.01,41230,666609804,666609804,0.01,41244,666609804,666609841,0.01,41236,666609841,666609841,0.01,41250,666609841,666609857,0.01,41163,666609857,666609857,0.01,41128,666609857,799981012,99.81,99.81,0.00,3361502,51.29,51.29,41,700964,10.70,10.70,
2026-01-15,05:39:08.813,668440219,0.01,40499,668440219,668440219,0.01,40497,668440219,668440601,0.01,40160,668440601,668440601,0.01,40189,668440601,668440671,0.01,40116,668440671,668440671,0.01,40108,668440671,668440737,0.01,40091,668440737,668440737,0.01,40066,668440737,802176018,99.97,99.97,0.00,4168499,63.61,63.42,37,700108,10.68,10.65,668438828,0.01,41545,668438828,668438828,0.01,41513,668438828,668439051,0.01,41307,668439051,668439051,0.01,41296,668439051,668439137,0.01,41183,668439137,668439137,0.01,41166,668439137,668439223,0.01,41081,668439223,668439223,0.01,41083,668439223,802175697,99.80,99.80,0.00,3372051,51.45,51.30,42,701914,10.71,10.68,
2026-01-15,05:39:09.815,666802774,0.01,40506,666802774,666802774,0.01,40517,666802774,666803146,0.01,40148,666803146,666803146,0.01,40118,666803146,666803204,0.01,40114,666803204,666803204,0.01,40096,666803204,666803253,0.01,40028,666803253,666803253,0.01,40036,666803253,800212153,99.93,99.93,0.00,4155096,63.40,63.40,36,696384,10.63,10.63,666801566,0.01,41414,666801566,666801566,0.01,41444,666801566,666801860,0.01,41131,666801860,666801860,0.01,41130,666801860,666801898,0.01,41082,666801898,666801898,0.01,41081,666801898,666801947,0.01,40993,666801947,666801947,0.01,40990,666801947,802141639,99.87,99.87,0.00,3377811,51.54,51.54,41,703166,10.73,10.73,
2026-01-15,05:39:10.816,666181011,0.01,40451,666181011,666181011,0.01,40458,666181011,666181318,0.01,40095,666181318,666181318,0.01,40087,666181318,666181359,0.01,40637,666181359,666181359,0.01,40810,666181359,666181404,0.01,40771,666181404,666181404,0.01,40755,666181404,799466343,99.93,99.93,0.00,4152545,63.36,63.36,36,697088,10.64,10.64,666180678,0.01,41602,666180678,666180678,0.01,41670,666180678,666180962,0.01,41479,666180962,666180962,0.01,41546,666180962,666181056,0.01,41591,666181056,666181056,0.01,41635,666181056,666181119,0.01,41738,666181119,666181119,0.01,41796,666181119,797548842,99.92,99.92,0.00,3361549,51.29,51.29,40,700891,10.69,10.69,
2026-01-15,05:39:11.816,667066914,0.01,41331,667066914,667066914,0.01,41363,667066914,667067185,0.01,41164,667067185,667067185,0.01,41185,667067185,667067228,0.01,40557,667067228,667067228,0.01,40404,667067228,667067391,0.01,40304,667067391,667067391,0.01,40353,667067391,800529984,99.93,99.93,0.00,4161655,63.50,63.50,36,702091,10.71,10.71,667066266,0.01,42034,667066266,667066266,0.01,41964,667066266,667066450,0.01,41705,667066450,667066450,0.01,41637,667066450,667066470,0.01,41515,667066470,667066470,0.01,41491,667066470,667066459,0.01,41429,667066459,667066459,0.01,41401,667066459,800518589,99.88,99.88,0.00,3374852,51.50,51.50,41,704013,10.74,10.74,
2026-01-15,05:39:12.813,666652025,0.01,40857,666652025,666652025,0.01,40864,666652025,666652292,0.01,40545,666652292,666652292,0.01,40535,666652292,666652363,0.01,40463,666652363,666652363,0.01,40481,666652363,666652472,0.01,40318,666652472,666652472,0.01,40294,666652472,800031144,99.97,99.97,0.00,4160375,63.48,63.48,36,702042,10.71,10.71,666650814,0.01,41654,666650814,666650814,0.01,41666,666650814,666651076,0.01,41429,666651076,666651076,0.01,41435,666651076,666651108,0.01,41402,666651108,666651108,0.01,41398,666651108,666651107,0.01,41364,666651107,666651107,0.01,41316,666651107,800031648,99.84,99.84,0.00,3370220,51.43,51.43,41,698345,10.66,10.66,
2026-01-15,05:39:13.815,666583865,0.01,40662,666583865,666583865,0.01,40621,666583865,666584159,0.01,40336,666584159,666584159,0.01,40386,666584159,666584222,0.01,40278,666584222,666584222,0.01,40239,666584222,666584343,0.01,40104,666584343,666584343,0.01,40082,666584343,799948824,99.91,99.91,0.00,4155590,63.41,63.41,36,698526,10.66,10.66,666582780,0.01,41620,666582780,666582780,0.01,41634,666582780,666583026,0.01,41446,666583026,666583026,0.01,41517,666583026,666583091,0.01,41555,666583091,666583091,0.01,41594,666583091,666583135,0.01,41644,666583135,666583135,0.01,41724,666583135,799949985,99.84,99.84,0.00,3369978,51.42,51.42,42,705622,10.77,10.77,
2026-01-15,05:39:14.815,666632143,0.01,40716,666632143,666632143,0.01,40742,666632143,666632561,0.01,40391,666632561,666632561,0.01,40352,666632561,666632619,0.01,40334,666632619,666632619,0.01,40352,666632619,666632697,0.01,40275,666632697,666632697,0.01,40306,666632697,800008290,99.88,99.88,0.00,4156137,63.42,63.42,37,695755,10.62,10.62,666632675,0.01,42027,666632675,666632675,0.01,41974,666632675,666632850,0.01,41732,666632850,666632850,0.01,41682,666632850,666632853,0.01,41590,666632853,666632853,0.01,41529,666632853,666632884,0.01,41395,666632884,666632884,0.01,41361,666632884,800006998,99.80,99.80,0.00,3362024,51.30,51.30,41,706942,10.79,10.79,
2026-01-15,05:39:15.813,666624172,0.01,40822,666624172,666624172,0.01,40811,666624172,666624453,0.01,40470,666624453,666624453,0.01,40513,666624453,666624514,0.01,40418,666624514,666624514,0.01,40426,666624514,666624629,0.01,40351,666624629,666624629,0.01,40376,666624629,799997619,99.81,99.81,0.00,4156080,63.42,63.42,36,701298,10.70,10.70,666621094,0.01,41592,666621094,666621094,0.01,41603,666621094,666621328,0.01,41350,666621328,666621328,0.01,41330,666621328,666621359,0.01,41282,666621359,666621359,0.01,41291,666621359,666621409,0.01,41259,666621409,666621409,0.01,41261,666621409,799995828,99.80,99.80,0.00,3359066,51.26,51.26,41,710542,10.84,10.84,
2026-01-15,05:39:16.815,666584452,0.01,40717,666584452,666584452,0.01,40730,666584452,666584713,0.01,40475,666584713,666584713,0.01,40428,666584713,666584771,0.01,40378,666584771,666584771,0.01,40344,666584771,666584907,0.01,40153,666584907,666584907,0.01,40117,666584907,799949875,99.81,99.81,0.00,4152625,63.36,63.36,36,701772,10.71,10.71,666583866,0.01,41592,666583866,666583866,0.01,41602,666583866,666584129,0.01,41340,666584129,666584129,0.01,41351,666584129,666584195,0.01,41335,666584195,666584195,0.01,41359,666584195,666584243,0.01,41314,666584243,666584243,0.01,41553,666584243,799951104,99.81,99.81,0.00,3369375,51.41,51.41,42,715157,10.91,10.91,
2026-01-15,05:39:17.816,666657310,0.01,40559,666657310,666657310,0.01,40542,666657310,666657665,0.01,40121,666657665,666657665,0.01,40090,666657665,666657715,0.01,39991,666657715,666657715,0.01,40027,666657715,666657772,0.01,39952,666657772,666657772,0.01,39943,666657772,800037238,99.83,99.83,0.00,4150770,63.34,63.34,36,699213,10.67,10.67,666655435,0.01,42109,666655435,666655435,0.01,42086,666655435,666655595,0.01,41883,666655595,666655595,0.01,41853,666655595,666655620,0.01,41754,666655620,666655620,0.01,41716,666655620,666655691,0.01,41656,666655691,666655691,0.01,41364,666655691,802770333,99.82,99.82,0.00,3371009,51.44,51.44,41,720229,10.99,10.99,
2026-01-15,05:39:18.812,666181856,0.01,40431,666181856,666181856,0.01,40425,666181856,666182254,0.01,40066,666182254,666182254,0.01,40110,666182254,666182360,0.01,40059,666182360,666182360,0.01,40074,666182360,666182418,0.01,40058,666182418,666182418,0.01,40072,666182418,799467238,99.79,99.79,0.00,4137207,63.13,63.13,37,699237,10.67,10.67,666181494,0.01,41371,666181494,666181494,0.01,41384,666181494,666181658,0.01,41305,666181658,666181658,0.01,41348,666181658,666181710,0.01,41328,666181710,666181710,0.01,41353,666181710,666181758,0.01,41307,666181758,666181758,0.01,41343,666181758,796746077,99.81,99.81,0.00,3354659,51.19,51.19,40,699208,10.67,10.67,
2026-01-15,05:39:19.813,667249024,0.01,40701,667249024,667249024,0.01,40711,667249024,667249341,0.01,40405,667249341,667249341,0.01,40406,667249341,667249388,0.01,40301,667249388,667249388,0.01,40265,667249388,667249500,0.01,40165,667249500,667249500,0.01,40167,667249500,800747711,99.79,99.79,0.00,4154499,63.39,63.33,37,699474,10.67,10.66,667248162,0.01,41599,667248162,667248162,0.01,41607,667248162,667248439,0.01,41311,667248439,667248439,0.01,41268,667248439,667248461,0.01,41233,667248461,667248461,0.01,41223,667248461,667248514,0.01,41140,667248514,667248514,0.01,41127,667248514,800736545,99.83,99.83,0.00,3375448,51.51,51.45,40,704560,10.75,10.74,
