Core Power License 0: Core cycles where the core was running with power-delivery for baseline license level 0.  This includes non-AVX codes, SSE, AVX 128-bit, and low-current AVX 256-bit codes.
Core Power License 1: Core cycles where the core was running with power-delivery for license level 1.  This includes high current AVX 256-bit instructions as well as low current AVX 512-bit instructions.
Core Power License 2: Core cycles where the core was running with power-delivery for license level 2 (introduced in Skylake Server michroarchtecture). This includes high current AVX 512-bit instructions.
,,S0,S0,S0,S0,S0,S0CH0,S0CH0,S0CH0,S0CH0,S0CH0,S0CH0,S0CH0,S0CH0,S0CH1,S0CH1,S0CH1,S0CH1,S0CH1,S0CH1,S0CH1,S0CH1,S0CH2,S0CH2,S0CH2,S0CH2,S0CH2,S0CH2,S0CH2,S0CH2,S0CH3,S0CH3,S0CH3,S0CH3,S0CH3,S0CH3,S0CH3,S0CH3,S0CH4,S0CH4,S0CH4,S0CH4,S0CH4,S0CH4,S0CH4,S0CH4,S0CH5,S0CH5,S0CH5,S0CH5,S0CH5,S0CH5,S0CH5,S0CH5,S0CH6,S0CH6,S0CH6,S0CH6,S0CH6,S0CH6,S0CH6,S0CH6,S0CH7,S0CH7,S0CH7,S0CH7,S0CH7,S0CH7,S0CH7,S0CH7,S0,S0,S0,S0,S0,S0,S0,S0,S0,S0,S0,
Date,Time,Uncore Freq(Ghz),Core Freq(Ghz),Core Power License 0(%),Core Power License 1(%),Core Power License 2(%),DRAMClocks,Rank0 CKE Off Residency(%),Rank0 CKE Off Average Cycles,Rank0 Cycles per transition,DRAMClocks,Rank1 CKE Off Residency(%),Rank1 CKE Off Average Cycles,Rank1 Cycles per transition,DRAMClocks,Rank0 CKE Off Residency(%),Rank0 CKE Off Average Cycles,Rank0 Cycles per transition,DRAMClocks,Rank1 CKE Off Residency(%),Rank1 CKE Off Average Cycles,Rank1 Cycles per transition,DRAMClocks,Rank0 CKE Off Residency(%),Rank0 CKE Off Average Cycles,Rank0 Cycles per transition,DRAMClocks,Rank1 CKE Off Residency(%),Rank1 CKE Off Average Cycles,Rank1 Cycles per transition,DRAMClocks,Rank0 CKE Off Residency(%),Rank0 CKE Off Average Cycles,Rank0 Cycles per transition,DRAMClocks,Rank1 CKE Off Residency(%),Rank1 CKE Off Average Cycles,Rank1 Cycles per transition,DRAMClocks,Rank0 CKE Off Residency(%),Rank0 CKE Off Average Cycles,Rank0 Cycles per transition,DRAMClocks,Rank1 CKE Off Residency(%),Rank1 CKE Off Average Cycles,Rank1 Cycles per transition,DRAMClocks,Rank0 CKE Off Residency(%),Rank0 CKE Off Average Cycles,Rank0 Cycles per transition,DRAMClocks,Rank1 CKE Off Residency(%),Rank1 CKE Off Average Cycles,Rank1 Cycles per transition,DRAMClocks,Rank0 CKE Off Residency(%),Rank0 CKE Off Average Cycles,Rank0 Cycles per transition,DRAMClocks,Rank1 CKE Off Residency(%),Rank1 CKE Off Average Cycles,Rank1 Cycles per transition,DRAMClocks,Rank0 CKE Off Residency(%),Rank0 CKE Off Average Cycles,Rank0 Cycles per transition,DRAMClocks,Rank1 CKE Off Residency(%),Rank1 CKE Off Average Cycles,Rank1 Cycles per transition,PCUClocks,Freq band 0 cycles(%),Freq band 1 cycles(%),Freq band 2 cycles(%),Consumed energy units,Consumed Joules,Watts,Thermal headroom below TjMax(°C),Consumed DRAM energy units,Consumed DRAM Joules,DRAM Watts,
2026-01-15,05:33:18.742,2.19,2.40,100.00,0.00,0.00,1336392612,100.00,-1,-1,1336392612,100.00,-1,-1,1336392612,100.00,-1,-1,1336392612,100.00,-1,-1,1336392616,100.00,-1,-1,1336392616,100.00,-1,-1,1336392618,100.00,-1,-1,1336392618,100.00,-1,-1,1336392624,100.00,-1,-1,1336392624,100.00,-1,-1,1336392628,100.00,-1,-1,1336392628,100.00,-1,-1,1336392642,100.00,-1,-1,1336392642,100.00,-1,-1,1336392636,100.00,-1,-1,1336392636,100.00,-1,-1,1102617271,0.00,0.00,0.00,2026804,123.71,123.71,55,735596,11.25,11.25,
2026-01-15,05:33:19.739,2.19,2.40,100.00,0.00,0.00,1333469740,100.00,-1,-1,1333469740,100.00,-1,-1,1333469744,100.00,-1,-1,1333469744,100.00,-1,-1,1333469746,100.00,-1,-1,1333469746,100.00,-1,-1,1333469748,100.00,-1,-1,1333469748,100.00,-1,-1,1333469754,100.00,-1,-1,1333469754,100.00,-1,-1,1333469750,100.00,-1,-1,1333469750,100.00,-1,-1,1333469750,100.00,-1,-1,1333469750,100.00,-1,-1,1333469758,100.00,-1,-1,1333469758,100.00,-1,-1,1100210031,0.00,0.00,0.00,2024776,123.58,123.58,54,733208,11.22,11.22,
2026-01-15,05:33:20.741,2.19,2.40,100.00,0.00,0.00,1333046550,100.00,-1,-1,1333046550,100.00,-1,-1,1333046550,100.00,-1,-1,1333046550,100.00,-1,-1,1333046550,100.00,-1,-1,1333046550,100.00,-1,-1,1333046550,100.00,-1,-1,1333046550,100.00,-1,-1,1333046550,100.00,-1,-1,1333046550,100.00,-1,-1,1333046554,100.00,-1,-1,1333046554,100.00,-1,-1,1333046552,100.00,-1,-1,1333046552,100.00,-1,-1,1333046550,100.00,-1,-1,1333046550,100.00,-1,-1,1099848800,0.00,0.00,0.00,2022599,123.45,123.45,54,734798,11.24,11.24,
2026-01-15,05:33:21.738,2.19,2.40,100.00,0.00,0.00,1333206634,100.00,-1,-1,1333206634,100.00,-1,-1,1333206634,100.00,-1,-1,1333206634,100.00,-1,-1,1333206636,100.00,-1,-1,1333206636,100.00,-1,-1,1333206636,100.00,-1,-1,1333206636,100.00,-1,-1,1333206636,100.00,-1,-1,1333206636,100.00,-1,-1,1333206632,100.00,-1,-1,1333206632,100.00,-1,-1,1333206636,100.00,-1,-1,1333206636,100.00,-1,-1,1333206638,100.00,-1,-1,1333206638,100.00,-1,-1,1099998991,0.00,0.00,0.00,2020382,123.31,123.31,55,732797,11.21,11.21,
2026-01-15,05:33:22.738,2.19,2.40,100.00,0.00,0.00,1332761960,100.00,-1,-1,1332761960,100.00,-1,-1,1332761960,100.00,-1,-1,1332761960,100.00,-1,-1,1332761960,100.00,-1,-1,1332761960,100.00,-1,-1,1332761962,100.00,-1,-1,1332761962,100.00,-1,-1,1332761956,100.00,-1,-1,1332761956,100.00,-1,-1,1332761958,100.00,-1,-1,1332761958,100.00,-1,-1,1332761970,100.00,-1,-1,1332761970,100.00,-1,-1,1332761970,100.00,-1,-1,1332761970,100.00,-1,-1,1099618555,0.00,0.00,0.00,2021793,123.40,123.40,54,732331,11.20,11.20,
2026-01-15,05:33:23.741,2.19,2.40,100.00,0.00,0.00,1334057730,100.00,-1,-1,1334057730,100.00,-1,-1,1334057726,100.00,-1,-1,1334057726,100.00,-1,-1,1334057724,100.00,-1,-1,1334057724,100.00,-1,-1,1334057728,100.00,-1,-1,1334057728,100.00,-1,-1,1334057730,100.00,-1,-1,1334057730,100.00,-1,-1,1334057730,100.00,-1,-1,1334057730,100.00,-1,-1,1334057732,100.00,-1,-1,1334057732,100.00,-1,-1,1334057730,100.00,-1,-1,1334057730,100.00,-1,-1,1100682152,0.00,0.00,0.00,2024177,123.55,123.55,54,735166,11.25,11.25,
2026-01-15,05:33:24.741,2.19,2.40,100.00,0.00,0.00,1332825562,100.00,-1,-1,1332825562,100.00,-1,-1,1332825562,100.00,-1,-1,1332825562,100.00,-1,-1,1332825560,100.00,-1,-1,1332825560,100.00,-1,-1,1332825562,100.00,-1,-1,1332825562,100.00,-1,-1,1332825564,100.00,-1,-1,1332825564,100.00,-1,-1,1332825566,100.00,-1,-1,1332825566,100.00,-1,-1,1332825564,100.00,-1,-1,1332825564,100.00,-1,-1,1332825568,100.00,-1,-1,1332825568,100.00,-1,-1,1099675398,0.00,0.00,0.00,2024084,123.54,123.54,54,735662,11.26,11.26,
2026-01-15,05:33:25.742,2.19,2.40,100.00,0.00,0.00,1333221928,100.00,-1,-1,1333221928,100.00,-1,-1,1333221930,100.00,-1,-1,1333221930,100.00,-1,-1,1333221928,100.00,-1,-1,1333221928,100.00,-1,-1,1333221934,100.00,-1,-1,1333221934,100.00,-1,-1,1333221938,100.00,-1,-1,1333221938,100.00,-1,-1,1333221934,100.00,-1,-1,1333221934,100.00,-1,-1,1333221932,100.00,-1,-1,1333221932,100.00,-1,-1,1333221930,100.00,-1,-1,1333221930,100.00,-1,-1,1100002981,0.00,0.00,0.00,2020897,123.35,123.35,53,734800,11.24,11.24,
2026-01-15,05:33:26.738,2.19,2.40,100.00,0.00,0.00,1333225644,100.00,-1,-1,1333225644,100.00,-1,-1,1333225650,100.00,-1,-1,1333225650,100.00,-1,-1,1333225650,100.00,-1,-1,1333225650,100.00,-1,-1,1333225654,100.00,-1,-1,1333225654,100.00,-1,-1,1333225658,100.00,-1,-1,1333225658,100.00,-1,-1,1333225656,100.00,-1,-1,1333225656,100.00,-1,-1,1333225656,100.00,-1,-1,1333225656,100.00,-1,-1,1333225658,100.00,-1,-1,1333225658,100.00,-1,-1,1100002469,0.00,0.00,0.00,2024955,123.59,123.59,53,736536,11.27,11.27,
2026-01-15,05:33:27.739,2.19,2.40,99.98,0.02,0.00,1332733710,100.00,-1,-1,1332733710,100.00,-1,-1,1332733704,100.00,-1,-1,1332733704,100.00,-1,-1,1332733710,100.00,-1,-1,1332733710,100.00,-1,-1,1332733732,100.00,-1,-1,1332733732,100.00,-1,-1,1332733740,100.00,-1,-1,1332733740,100.00,-1,-1,1332733740,100.00,-1,-1,1332733740,100.00,-1,-1,1332733736,100.00,-1,-1,1332733736,100.00,-1,-1,1332733730,100.00,-1,-1,1332733730,100.00,-1,-1,1099599919,0.00,0.00,0.00,2021342,123.37,123.37,53,733585,11.22,11.22,
2026-01-15,05:33:28.738,2.19,2.40,100.00,0.00,0.00,1333673568,100.00,-1,-1,1333673568,100.00,-1,-1,1333673566,100.00,-1,-1,1333673566,100.00,-1,-1,1333673564,100.00,-1,-1,1333673564,100.00,-1,-1,1333673560,100.00,-1,-1,1333673560,100.00,-1,-1,1333673564,100.00,-1,-1,1333673564,100.00,-1,-1,1333673566,100.00,-1,-1,1333673566,100.00,-1,-1,1333673570,100.00,-1,-1,1333673570,100.00,-1,-1,1333673598,100.00,-1,-1,1333673598,100.00,-1,-1,1100364766,0.00,0.00,0.00,2023760,123.52,123.52,53,734224,11.23,11.23,
2026-01-15,05:33:29.739,2.19,2.40,100.00,0.00,0.00,1332704280,100.00,-1,-1,1332704280,100.00,-1,-1,1332704286,100.00,-1,-1,1332704286,100.00,-1,-1,1332704292,100.00,-1,-1,1332704292,100.00,-1,-1,1332704300,100.00,-1,-1,1332704300,100.00,-1,-1,1332704308,100.00,-1,-1,1332704308,100.00,-1,-1,1332704302,100.00,-1,-1,1332704302,100.00,-1,-1,1332704310,100.00,-1,-1,1332704310,100.00,-1,-1,1332704318,100.00,-1,-1,1332704318,100.00,-1,-1,1099579561,0.00,0.00,0.00,2023471,123.50,123.50,54,734777,11.24,11.24,
2026-01-15,05:33:30.741,2.19,2.40,100.00,0.00,0.00,1333785486,100.00,-1,-1,1333785486,100.00,-1,-1,1333785486,100.00,-1,-1,1333785486,100.00,-1,-1,1333785490,100.00,-1,-1,1333785490,100.00,-1,-1,1333785496,100.00,-1,-1,1333785496,100.00,-1,-1,1333785502,100.00,-1,-1,1333785502,100.00,-1,-1,1333785526,100.00,-1,-1,1333785526,100.00,-1,-1,1333785534,100.00,-1,-1,1333785534,100.00,-1,-1,1333785534,100.00,-1,-1,1333785534,100.00,-1,-1,1100460968,0.00,0.00,0.00,2024900,123.59,123.59,54,735884,11.26,11.26,
2026-01-15,05:33:31.738,2.19,2.40,100.00,0.00,0.00,1333149610,100.00,-1,-1,1333149610,100.00,-1,-1,1333149630,100.00,-1,-1,1333149630,100.00,-1,-1,1333149628,100.00,-1,-1,1333149628,100.00,-1,-1,1333149626,100.00,-1,-1,1333149626,100.00,-1,-1,1333149620,100.00,-1,-1,1333149620,100.00,-1,-1,1333149618,100.00,-1,-1,1333149618,100.00,-1,-1,1333149636,100.00,-1,-1,1333149636,100.00,-1,-1,1333149634,100.00,-1,-1,1333149634,100.00,-1,-1,1099938373,0.00,0.00,0.00,2021394,123.38,123.38,53,734178,11.23,11.23,
2026-01-15,05:33:32.742,2.19,2.40,100.00,0.00,0.00,1333209084,100.00,-1,-1,1333209084,100.00,-1,-1,1333209082,100.00,-1,-1,1333209082,100.00,-1,-1,1333209080,100.00,-1,-1,1333209080,100.00,-1,-1,1333209082,100.00,-1,-1,1333209082,100.00,-1,-1,1333209076,100.00,-1,-1,1333209076,100.00,-1,-1,1333209080,100.00,-1,-1,1333209080,100.00,-1,-1,1333209042,100.00,-1,-1,1333209042,100.00,-1,-1,1333209040,100.00,-1,-1,1333209040,100.00,-1,-1,1099989297,0.00,0.00,0.00,2023191,123.49,123.49,53,734797,11.24,11.24,
2026-01-15,05:33:33.741,2.19,2.40,100.00,0.00,0.00,1333237632,100.00,-1,-1,1333237632,100.00,-1,-1,1333237630,100.00,-1,-1,1333237630,100.00,-1,-1,1333237630,100.00,-1,-1,1333237630,100.00,-1,-1,1333237630,100.00,-1,-1,1333237630,100.00,-1,-1,1333237634,100.00,-1,-1,1333237634,100.00,-1,-1,1333237632,100.00,-1,-1,1333237632,100.00,-1,-1,1333237636,100.00,-1,-1,1333237636,100.00,-1,-1,1333237638,100.00,-1,-1,1333237638,100.00,-1,-1,1100012620,0.00,0.00,0.00,2024557,123.57,123.57,53,734680,11.24,11.24,
2026-01-15,05:33:34.742,2.19,2.40,100.00,0.00,0.00,1338315846,100.00,-1,-1,1338315846,100.00,-1,-1,1338315854,100.00,-1,-1,1338315854,100.00,-1,-1,1338315860,100.00,-1,-1,1338315860,100.00,-1,-1,1338315866,100.00,-1,-1,1338315866,100.00,-1,-1,1338315870,100.00,-1,-1,1338315870,100.00,-1,-1,1338315878,100.00,-1,-1,1338315878,100.00,-1,-1,1338315880,100.00,-1,-1,1338315880,100.00,-1,-1,1338315886,100.00,-1,-1,1338315886,100.00,-1,-1,1104205671,0.00,0.00,0.00,2033425,124.11,123.62,53,738083,11.29,11.25,
2026-01-15,05:33:35.745,2.19,2.40,100.00,0.00,0.00,1334040380,100.00,-1,-1,1334040380,100.00,-1,-1,1334040378,100.00,-1,-1,1334040378,100.00,-1,-1,1334040376,100.00,-1,-1,1334040376,100.00,-1,-1,1334040370,100.00,-1,-1,1334040370,100.00,-1,-1,1334040362,100.00,-1,-1,1334040362,100.00,-1,-1,1334040378,100.00,-1,-1,1334040378,100.00,-1,-1,1334040370,100.00,-1,-1,1334040370,100.00,-1,-1,1334040362,100.00,-1,-1,1334040362,100.00,-1,-1,1100669537,0.00,0.00,0.00,2027855,123.77,123.77,53,735127,11.25,11.25,
2026-01-15,05:33:36.745,2.19,2.40,100.00,0.00,0.00,1332630792,100.00,-1,-1,1332630792,100.00,-1,-1,1332630790,100.00,-1,-1,1332630790,100.00,-1,-1,1332630790,100.00,-1,-1,1332630790,100.00,-1,-1,1332630786,100.00,-1,-1,1332630786,100.00,-1,-1,1332630786,100.00,-1,-1,1332630786,100.00,-1,-1,1332630788,100.00,-1,-1,1332630788,100.00,-1,-1,1332630786,100.00,-1,-1,1332630786,100.00,-1,-1,1332630782,100.00,-1,-1,1332630782,100.00,-1,-1,1099515585,0.00,0.00,0.00,2022409,123.44,123.44,53,733881,11.23,11.23,
2026-01-15,05:33:37.742,2.19,2.40,100.00,0.00,0.00,1333218144,100.00,-1,-1,1333218144,100.00,-1,-1,1333218150,100.00,-1,-1,1333218150,100.00,-1,-1,1333218154,100.00,-1,-1,1333218154,100.00,-1,-1,1333218158,100.00,-1,-1,1333218158,100.00,-1,-1,1333218164,100.00,-1,-1,1333218164,100.00,-1,-1,1333218170,100.00,-1,-1,1333218170,100.00,-1,-1,1333218176,100.00,-1,-1,1333218176,100.00,-1,-1,1333218180,100.00,-1,-1,1333218180,100.00,-1,-1,1100001243,0.00,0.00,0.00,2026635,123.70,123.70,53,734835,11.24,11.24,
2026-01-15,05:33:38.744,2.19,2.40,100.00,0.00,0.00,1332743218,100.00,-1,-1,1332743218,100.00,-1,-1,1332743220,100.00,-1,-1,1332743220,100.00,-1,-1,1332743222,100.00,-1,-1,1332743222,100.00,-1,-1,1332743220,100.00,-1,-1,1332743220,100.00,-1,-1,1332743220,100.00,-1,-1,1332743220,100.00,-1,-1,1332743220,100.00,-1,-1,1332743220,100.00,-1,-1,1332743220,100.00,-1,-1,1332743220,100.00,-1,-1,1332743210,100.00,-1,-1,1332743210,100.00,-1,-1,1099608611,0.00,0.00,0.00,2020861,123.34,123.34,53,732496,11.21,11.21,
2026-01-15,05:33:39.742,2.19,2.40,100.00,0.00,0.00,1333683410,100.00,-1,-1,1333683410,100.00,-1,-1,1333683406,100.00,-1,-1,1333683406,100.00,-1,-1,1333683398,100.00,-1,-1,1333683398,100.00,-1,-1,1333683396,100.00,-1,-1,1333683396,100.00,-1,-1,1333683390,100.00,-1,-1,1333683390,100.00,-1,-1,1333683426,100.00,-1,-1,1333683426,100.00,-1,-1,1333683426,100.00,-1,-1,1333683426,100.00,-1,-1,1333683454,100.00,-1,-1,1333683454,100.00,-1,-1,1100373406,0.00,0.00,0.00,2024138,123.54,123.54,53,732337,11.20,11.20,
2026-01-15,05:33:40.744,2.19,2.40,100.00,0.00,0.00,1332706154,100.00,-1,-1,1332706154,100.00,-1,-1,1332706160,100.00,-1,-1,1332706160,100.00,-1,-1,1332706162,100.00,-1,-1,1332706162,100.00,-1,-1,1332706168,100.00,-1,-1,1332706168,100.00,-1,-1,1332706174,100.00,-1,-1,1332706174,100.00,-1,-1,1332706182,100.00,-1,-1,1332706182,100.00,-1,-1,1332706184,100.00,-1,-1,1332706184,100.00,-1,-1,1332706188,100.00,-1,-1,1332706188,100.00,-1,-1,1099578175,0.00,0.00,0.00,2025634,123.63,123.63,52,734288,11.23,11.23,
2026-01-15,05:33:41.745,2.19,2.40,100.00,0.00,0.00,1333704626,100.00,-1,-1,1333704626,100.00,-1,-1,1333704622,100.00,-1,-1,1333704622,100.00,-1,-1,1333704624,100.00,-1,-1,1333704624,100.00,-1,-1,1333704622,100.00,-1,-1,1333704622,100.00,-1,-1,1333704616,100.00,-1,-1,1333704616,100.00,-1,-1,1333704618,100.00,-1,-1,1333704618,100.00,-1,-1,1333704616,100.00,-1,-1,1333704616,100.00,-1,-1,1333704622,100.00,-1,-1,1333704622,100.00,-1,-1,1100392238,0.00,0.00,0.00,2025305,123.61,123.61,53,732828,11.21,11.21,
2026-01-15,05:33:42.742,2.19,2.40,100.00,0.00,0.00,1333214520,100.00,-1,-1,1333214520,100.00,-1,-1,1333214520,100.00,-1,-1,1333214520,100.00,-1,-1,1333214514,100.00,-1,-1,1333214514,100.00,-1,-1,1333214516,100.00,-1,-1,1333214516,100.00,-1,-1,1333214514,100.00,-1,-1,1333214514,100.00,-1,-1,1333214516,100.00,-1,-1,1333214516,100.00,-1,-1,1333214516,100.00,-1,-1,1333214516,100.00,-1,-1,1333214518,100.00,-1,-1,1333214518,100.00,-1,-1,1099992259,0.00,0.00,0.00,2025972,123.66,123.66,52,731965,11.20,11.20,
2026-01-15,05:33:43.745,2.19,2.40,100.00,0.00,0.00,1332698648,100.00,-1,-1,1332698648,100.00,-1,-1,1332698654,100.00,-1,-1,1332698654,100.00,-1,-1,1332698658,100.00,-1,-1,1332698658,100.00,-1,-1,1332698656,100.00,-1,-1,1332698656,100.00,-1,-1,1332698660,100.00,-1,-1,1332698660,100.00,-1,-1,1332698660,100.00,-1,-1,1332698660,100.00,-1,-1,1332698658,100.00,-1,-1,1332698658,100.00,-1,-1,1332698660,100.00,-1,-1,1332698660,100.00,-1,-1,1099573062,0.00,0.00,0.00,2026219,123.67,123.67,53,730779,11.18,11.18,
2026-01-15,05:33:44.745,2.19,2.40,100.00,0.00,0.00,1333736974,100.00,-1,-1,1333736974,100.00,-1,-1,1333736980,100.00,-1,-1,1333736980,100.00,-1,-1,1333737068,100.00,-1,-1,1333737068,100.00,-1,-1,1333737074,100.00,-1,-1,1333737074,100.00,-1,-1,1333737084,100.00,-1,-1,1333737084,100.00,-1,-1,1333737172,100.00,-1,-1,1333737172,100.00,-1,-1,1333737120,100.00,-1,-1,1333737120,100.00,-1,-1,1333737166,100.00,-1,-1,1333737166,100.00,-1,-1,1100420456,0.00,0.00,0.00,2025686,123.64,123.64,52,734565,11.24,11.24,
2026-01-15,05:33:45.745,2.19,2.40,100.00,0.00,0.00,1333219026,100.00,-1,-1,1333219026,100.00,-1,-1,1333219026,100.00,-1,-1,1333219026,100.00,-1,-1,1333219020,100.00,-1,-1,1333219020,100.00,-1,-1,1333219016,100.00,-1,-1,1333219016,100.00,-1,-1,1333219008,100.00,-1,-1,1333219008,100.00,-1,-1,1333218994,100.00,-1,-1,1333218994,100.00,-1,-1,1333218986,100.00,-1,-1,1333218986,100.00,-1,-1,1333218982,100.00,-1,-1,1333218982,100.00,-1,-1,1099994929,0.00,0.00,0.00,2025012,123.60,123.60,53,735151,11.25,11.25,
2026-01-15,05:33:46.742,2.19,2.40,100.00,0.00,0.00,1333264826,100.00,-1,-1,1333264826,100.00,-1,-1,1333264834,100.00,-1,-1,1333264834,100.00,-1,-1,1333264834,100.00,-1,-1,1333264834,100.00,-1,-1,1333264844,100.00,-1,-1,1333264844,100.00,-1,-1,1333264846,100.00,-1,-1,1333264846,100.00,-1,-1,1333264850,100.00,-1,-1,1333264850,100.00,-1,-1,1333264856,100.00,-1,-1,1333264856,100.00,-1,-1,1333264856,100.00,-1,-1,1333264856,100.00,-1,-1,1100036333,0.00,0.00,0.00,2025327,123.62,123.62,52,734321,11.24,11.24,
2026-01-15,05:33:47.742,2.19,2.40,100.00,0.00,0.00,1332744706,100.00,-1,-1,1332744706,100.00,-1,-1,1332744704,100.00,-1,-1,1332744704,100.00,-1,-1,1332744698,100.00,-1,-1,1332744698,100.00,-1,-1,1332744692,100.00,-1,-1,1332744692,100.00,-1,-1,1332744684,100.00,-1,-1,1332744684,100.00,-1,-1,1332744680,100.00,-1,-1,1332744680,100.00,-1,-1,1332744694,100.00,-1,-1,1332744694,100.00,-1,-1,1332744668,100.00,-1,-1,1332744668,100.00,-1,-1,1099609910,0.00,0.00,0.00,2026233,123.67,123.67,52,733331,11.22,11.22,
2026-01-15,05:33:48.743,2.19,2.40,100.00,0.00,0.00,1334050144,100.00,-1,-1,1334050144,100.00,-1,-1,1334050144,100.00,-1,-1,1334050144,100.00,-1,-1,1334050146,100.00,-1,-1,1334050146,100.00,-1,-1,1334050146,100.00,-1,-1,1334050146,100.00,-1,-1,1334050146,100.00,-1,-1,1334050146,100.00,-1,-1,1334050004,100.00,-1,-1,1334050004,100.00,-1,-1,1334050004,100.00,-1,-1,1334050004,100.00,-1,-1,1334050002,100.00,-1,-1,1334050002,100.00,-1,-1,1100676731,0.00,0.00,0.00,2026842,123.71,123.71,52,733395,11.22,11.22,
2026-01-15,05:33:49.742,2.19,2.40,100.00,0.00,0.00,1332803232,100.00,-1,-1,1332803232,100.00,-1,-1,1332803226,100.00,-1,-1,1332803226,100.00,-1,-1,1332803226,100.00,-1,-1,1332803226,100.00,-1,-1,1332803222,100.00,-1,-1,1332803222,100.00,-1,-1,1332803216,100.00,-1,-1,1332803216,100.00,-1,-1,1332803212,100.00,-1,-1,1332803212,100.00,-1,-1,1332803234,100.00,-1,-1,1332803234,100.00,-1,-1,1332803238,100.00,-1,-1,1332803238,100.00,-1,-1,1099654295,0.00,0.00,0.00,2024215,123.55,123.55,52,733748,11.23,11.23,
2026-01-15,05:33:50.744,2.19,2.40,100.00,0.00,0.00,1332700670,100.00,-1,-1,1332700670,100.00,-1,-1,1332700676,100.00,-1,-1,1332700676,100.00,-1,-1,1332700680,100.00,-1,-1,1332700680,100.00,-1,-1,1332700676,100.00,-1,-1,1332700676,100.00,-1,-1,1332700680,100.00,-1,-1,1332700680,100.00,-1,-1,1332700550,100.00,-1,-1,1332700550,100.00,-1,-1,1332700482,100.00,-1,-1,1332700482,100.00,-1,-1,1332700396,100.00,-1,-1,1332700396,100.00,-1,-1,1099570862,0.00,0.00,0.00,2025261,123.61,123.61,53,734163,11.23,11.23,
2026-01-15,05:33:51.742,2.19,2.40,100.00,0.00,0.00,1333732930,100.00,-1,-1,1333732930,100.00,-1,-1,1333732926,100.00,-1,-1,1333732926,100.00,-1,-1,1333732924,100.00,-1,-1,1333732924,100.00,-1,-1,1333732924,100.00,-1,-1,1333732924,100.00,-1,-1,1333732894,100.00,-1,-1,1333732894,100.00,-1,-1,1333732896,100.00,-1,-1,1333732896,100.00,-1,-1,1333732900,100.00,-1,-1,1333732900,100.00,-1,-1,1333732900,100.00,-1,-1,1333732900,100.00,-1,-1,1100417288,0.00,0.00,0.00,2025797,123.64,123.64,52,733054,11.22,11.22,
2026-01-15,05:33:52.742,2.19,2.40,100.00,0.00,0.00,1332756376,100.00,-1,-1,1332756376,100.00,-1,-1,1332756378,100.00,-1,-1,1332756378,100.00,-1,-1,1332756380,100.00,-1,-1,1332756380,100.00,-1,-1,1332756380,100.00,-1,-1,1332756380,100.00,-1,-1,1332756380,100.00,-1,-1,1332756380,100.00,-1,-1,1332756382,100.00,-1,-1,1332756382,100.00,-1,-1,1332756316,100.00,-1,-1,1332756316,100.00,-1,-1,1332756388,100.00,-1,-1,1332756388,100.00,-1,-1,1099620582,0.00,0.00,0.00,2025811,123.65,123.65,52,731996,11.20,11.20,
2026-01-15,05:33:53.744,2.19,2.40,100.00,0.00,0.00,1333688200,100.00,-1,-1,1333688200,100.00,-1,-1,1333688200,100.00,-1,-1,1333688200,100.00,-1,-1,1333688200,100.00,-1,-1,1333688200,100.00,-1,-1,1333688200,100.00,-1,-1,1333688200,100.00,-1,-1,1333688200,100.00,-1,-1,1333688200,100.00,-1,-1,1333688202,100.00,-1,-1,1333688202,100.00,-1,-1,1333688204,100.00,-1,-1,1333688204,100.00,-1,-1,1333688220,100.00,-1,-1,1333688220,100.00,-1,-1,1100377878,0.00,0.00,0.00,2024404,123.56,123.56,52,732273,11.20,11.20,
2026-01-15,05:33:54.744,2.19,2.40,100.00,0.00,0.00,1333208030,100.00,-1,-1,1333208030,100.00,-1,-1,1333208030,100.00,-1,-1,1333208030,100.00,-1,-1,1333208034,100.00,-1,-1,1333208034,100.00,-1,-1,1333208036,100.00,-1,-1,1333208036,100.00,-1,-1,1333208034,100.00,-1,-1,1333208034,100.00,-1,-1,1333208034,100.00,-1,-1,1333208034,100.00,-1,-1,1333208032,100.00,-1,-1,1333208032,100.00,-1,-1,1333208030,100.00,-1,-1,1333208030,100.00,-1,-1,1099993983,0.00,0.00,0.00,2025313,123.62,123.62,52,731150,11.19,11.19,
2026-01-15,05:33:55.745,2.19,2.40,100.00,0.00,0.00,1333226914,100.00,-1,-1,1333226914,100.00,-1,-1,1333226918,100.00,-1,-1,1333226918,100.00,-1,-1,1333226920,100.00,-1,-1,1333226920,100.00,-1,-1,1333226920,100.00,-1,-1,1333226920,100.00,-1,-1,1333226946,100.00,-1,-1,1333226946,100.00,-1,-1,1333226946,100.00,-1,-1,1333226946,100.00,-1,-1,1333226948,100.00,-1,-1,1333226948,100.00,-1,-1,1333226922,100.00,-1,-1,1333226922,100.00,-1,-1,1100000115,0.00,0.00,0.00,2025181,123.61,123.61,52,733550,11.22,11.22,
2026-01-15,05:33:56.742,2.19,2.40,100.00,0.00,0.00,1333209660,100.00,-1,-1,1333209660,100.00,-1,-1,1333209664,100.00,-1,-1,1333209664,100.00,-1,-1,1333209666,100.00,-1,-1,1333209666,100.00,-1,-1,1333209666,100.00,-1,-1,1333209666,100.00,-1,-1,1333209664,100.00,-1,-1,1333209664,100.00,-1,-1,1333209656,100.00,-1,-1,1333209656,100.00,-1,-1,1333209656,100.00,-1,-1,1333209656,100.00,-1,-1,1333209724,100.00,-1,-1,1333209724,100.00,-1,-1,1099987700,0.00,0.00,0.00,2025244,123.61,123.61,52,731532,11.19,11.19,
2026-01-15,05:33:57.743,2.19,2.40,100.00,0.00,0.00,1334034088,100.00,-1,-1,1334034088,100.00,-1,-1,1334034086,100.00,-1,-1,1334034086,100.00,-1,-1,1334034082,100.00,-1,-1,1334034082,100.00,-1,-1,1334034080,100.00,-1,-1,1334034080,100.00,-1,-1,1334034110,100.00,-1,-1,1334034110,100.00,-1,-1,1334034110,100.00,-1,-1,1334034110,100.00,-1,-1,1334034144,100.00,-1,-1,1334034144,100.00,-1,-1,1334034148,100.00,-1,-1,1334034148,100.00,-1,-1,1100673475,0.00,0.00,0.00,2027515,123.75,123.63,52,733246,11.22,11.21,
2026-01-15,05:33:58.745,2.19,2.40,100.00,0.00,0.00,1334027680,100.00,-1,-1,1334027680,100.00,-1,-1,1334027706,100.00,-1,-1,1334027706,100.00,-1,-1,1334027700,100.00,-1,-1,1334027700,100.00,-1,-1,1334027704,100.00,-1,-1,1334027704,100.00,-1,-1,1334027708,100.00,-1,-1,1334027708,100.00,-1,-1,1334027716,100.00,-1,-1,1334027716,100.00,-1,-1,1334027744,100.00,-1,-1,1334027744,100.00,-1,-1,1334027756,100.00,-1,-1,1334027756,100.00,-1,-1,1100658595,0.00,0.00,0.00,2026994,123.72,123.72,52,732564,11.21,11.21,
2026-01-15,05:33:59.743,2.19,2.40,100.00,0.00,0.00,1332911050,100.00,-1,-1,1332911050,100.00,-1,-1,1332911046,100.00,-1,-1,1332911046,100.00,-1,-1,1332911046,100.00,-1,-1,1332911046,100.00,-1,-1,1332911040,100.00,-1,-1,1332911040,100.00,-1,-1,1332911036,100.00,-1,-1,1332911036,100.00,-1,-1,1332911038,100.00,-1,-1,1332911038,100.00,-1,-1,1332911036,100.00,-1,-1,1332911036,100.00,-1,-1,1332911006,100.00,-1,-1,1332911006,100.00,-1,-1,1099751545,0.00,0.00,0.00,2022868,123.47,123.47,52,732002,11.20,11.20,
2026-01-15,05:34:00.744,2.19,2.40,100.00,0.00,0.00,1334079360,100.00,-1,-1,1334079360,100.00,-1,-1,1334079360,100.00,-1,-1,1334079360,100.00,-1,-1,1334079360,100.00,-1,-1,1334079360,100.00,-1,-1,1334079364,100.00,-1,-1,1334079364,100.00,-1,-1,1334079368,100.00,-1,-1,1334079368,100.00,-1,-1,1334079362,100.00,-1,-1,1334079362,100.00,-1,-1,1334079356,100.00,-1,-1,1334079356,100.00,-1,-1,1334079358,100.00,-1,-1,1334079358,100.00,-1,-1,1100713350,0.00,0.00,0.00,2026527,123.69,123.57,52,733363,11.22,11.21,
2026-01-15,05:34:01.744,2.19,2.40,100.00,0.00,0.00,1334104660,100.00,-1,-1,1334104660,100.00,-1,-1,1334104664,100.00,-1,-1,1334104664,100.00,-1,-1,1334104666,100.00,-1,-1,1334104666,100.00,-1,-1,1334104668,100.00,-1,-1,1334104668,100.00,-1,-1,1334104670,100.00,-1,-1,1334104670,100.00,-1,-1,1334104696,100.00,-1,-1,1334104696,100.00,-1,-1,1334104696,100.00,-1,-1,1334104696,100.00,-1,-1,1334104694,100.00,-1,-1,1334104694,100.00,-1,-1,1100718251,0.00,0.00,0.00,2026508,123.69,123.69,52,734073,11.23,11.23,
2026-01-15,05:34:02.746,2.19,2.40,100.00,0.00,0.00,1335271802,100.00,-1,-1,1335271802,100.00,-1,-1,1335271802,100.00,-1,-1,1335271802,100.00,-1,-1,1335271800,100.00,-1,-1,1335271800,100.00,-1,-1,1335271808,100.00,-1,-1,1335271808,100.00,-1,-1,1335271820,100.00,-1,-1,1335271820,100.00,-1,-1,1335271826,100.00,-1,-1,1335271826,100.00,-1,-1,1335271840,100.00,-1,-1,1335271840,100.00,-1,-1,1335271844,100.00,-1,-1,1335271844,100.00,-1,-1,1101689575,0.00,0.00,0.00,2026614,123.69,123.45,51,733244,11.22,11.20,
2026-01-15,05:34:03.749,2.19,2.40,100.00,0.00,0.00,1333456268,100.00,-1,-1,1333456268,100.00,-1,-1,1333456264,100.00,-1,-1,1333456264,100.00,-1,-1,1333456264,100.00,-1,-1,1333456264,100.00,-1,-1,1333456262,100.00,-1,-1,1333456262,100.00,-1,-1,1333456256,100.00,-1,-1,1333456256,100.00,-1,-1,1333456248,100.00,-1,-1,1333456248,100.00,-1,-1,1333456240,100.00,-1,-1,1333456240,100.00,-1,-1,1333456236,100.00,-1,-1,1333456236,100.00,-1,-1,1100195459,0.00,0.00,0.00,2023539,123.51,123.51,52,732882,11.21,11.21,
2026-01-15,05:34:04.748,2.19,2.40,100.00,0.00,0.00,1333180076,100.00,-1,-1,1333180076,100.00,-1,-1,1333180074,100.00,-1,-1,1333180074,100.00,-1,-1,1333180076,100.00,-1,-1,1333180076,100.00,-1,-1,1333180074,100.00,-1,-1,1333180074,100.00,-1,-1,1333180074,100.00,-1,-1,1333180074,100.00,-1,-1,1333180072,100.00,-1,-1,1333180072,100.00,-1,-1,1333180076,100.00,-1,-1,1333180076,100.00,-1,-1,1333180078,100.00,-1,-1,1333180078,100.00,-1,-1,1099960876,0.00,0.00,0.00,2024622,123.57,123.57,52,734297,11.23,11.23,
2026-01-15,05:34:05.748,2.19,2.40,100.00,0.00,0.00,1333208572,100.00,-1,-1,1333208572,100.00,-1,-1,1333208566,100.00,-1,-1,1333208566,100.00,-1,-1,1333208560,100.00,-1,-1,1333208560,100.00,-1,-1,1333208560,100.00,-1,-1,1333208560,100.00,-1,-1,1333208564,100.00,-1,-1,1333208564,100.00,-1,-1,1333208562,100.00,-1,-1,1333208562,100.00,-1,-1,1333208558,100.00,-1,-1,1333208558,100.00,-1,-1,1333208560,100.00,-1,-1,1333208560,100.00,-1,-1,1099988296,0.00,0.00,0.00,2024254,123.55,123.55,52,734703,11.24,11.24,
2026-01-15,05:34:06.746,2.19,2.40,100.00,0.00,0.00,1333221444,100.00,-1,-1,1333221444,100.00,-1,-1,1333221440,100.00,-1,-1,1333221440,100.00,-1,-1,1333221440,100.00,-1,-1,1333221440,100.00,-1,-1,1333221440,100.00,-1,-1,1333221440,100.00,-1,-1,1333221440,100.00,-1,-1,1333221440,100.00,-1,-1,1333221430,100.00,-1,-1,1333221430,100.00,-1,-1,1333221426,100.00,-1,-1,1333221426,100.00,-1,-1,1333221432,100.00,-1,-1,1333221432,100.00,-1,-1,1099999425,0.00,0.00,0.00,2025047,123.60,123.60,52,732844,11.21,11.21,
2026-01-15,05:34:07.747,2.19,2.40,100.00,0.00,0.00,1334042090,100.00,-1,-1,1334042090,100.00,-1,-1,1334042090,100.00,-1,-1,1334042090,100.00,-1,-1,1334042090,100.00,-1,-1,1334042090,100.00,-1,-1,1334042090,100.00,-1,-1,1334042090,100.00,-1,-1,1334042086,100.00,-1,-1,1334042086,100.00,-1,-1,1334042206,100.00,-1,-1,1334042206,100.00,-1,-1,1334042294,100.00,-1,-1,1334042294,100.00,-1,-1,1334042298,100.00,-1,-1,1334042298,100.00,-1,-1,1100678474,0.00,0.00,0.00,2027393,123.74,123.62,51,733105,11.22,11.21,
2026-01-15,05:34:08.747,2.19,2.40,100.00,0.00,0.00,1334035500,100.00,-1,-1,1334035500,100.00,-1,-1,1334035500,100.00,-1,-1,1334035500,100.00,-1,-1,1334035500,100.00,-1,-1,1334035500,100.00,-1,-1,1334035498,100.00,-1,-1,1334035498,100.00,-1,-1,1334035504,100.00,-1,-1,1334035504,100.00,-1,-1,1334035506,100.00,-1,-1,1334035506,100.00,-1,-1,1334035506,100.00,-1,-1,1334035506,100.00,-1,-1,1334035508,100.00,-1,-1,1334035508,100.00,-1,-1,1100667046,0.00,0.00,0.00,2026679,123.70,123.70,52,732989,11.21,11.21,
2026-01-15,05:34:09.750,2.19,2.40,100.00,0.00,0.00,1332681250,100.00,-1,-1,1332681250,100.00,-1,-1,1332681250,100.00,-1,-1,1332681250,100.00,-1,-1,1332681250,100.00,-1,-1,1332681250,100.00,-1,-1,1332681250,100.00,-1,-1,1332681250,100.00,-1,-1,1332681246,100.00,-1,-1,1332681246,100.00,-1,-1,1332681248,100.00,-1,-1,1332681248,100.00,-1,-1,1332681246,100.00,-1,-1,1332681246,100.00,-1,-1,1332681242,100.00,-1,-1,1332681242,100.00,-1,-1,1099552712,0.00,0.00,0.00,2024141,123.54,123.54,51,731034,11.18,11.18,
2026-01-15,05:34:10.747,2.19,2.40,100.00,0.00,0.00,1333433380,100.00,-1,-1,1333433380,100.00,-1,-1,1333433384,100.00,-1,-1,1333433384,100.00,-1,-1,1333433386,100.00,-1,-1,1333433386,100.00,-1,-1,1333433388,100.00,-1,-1,1333433388,100.00,-1,-1,1333433390,100.00,-1,-1,1333433390,100.00,-1,-1,1333433390,100.00,-1,-1,1333433390,100.00,-1,-1,1333433390,100.00,-1,-1,1333433390,100.00,-1,-1,1333433390,100.00,-1,-1,1333433390,100.00,-1,-1,1100173641,0.00,0.00,0.00,2026906,123.71,123.71,52,732373,11.21,11.21,
2026-01-15,05:34:11.748,2.19,2.40,100.00,0.00,0.00,1334038406,100.00,-1,-1,1334038406,100.00,-1,-1,1334038402,100.00,-1,-1,1334038402,100.00,-1,-1,1334038400,100.00,-1,-1,1334038400,100.00,-1,-1,1334038398,100.00,-1,-1,1334038398,100.00,-1,-1,1334038396,100.00,-1,-1,1334038396,100.00,-1,-1,1334038400,100.00,-1,-1,1334038400,100.00,-1,-1,1334038402,100.00,-1,-1,1334038402,100.00,-1,-1,1334038398,100.00,-1,-1,1334038398,100.00,-1,-1,1100678010,0.00,0.00,0.00,2028534,123.81,123.81,52,733756,11.23,11.23,
2026-01-15,05:34:12.747,2.19,2.40,100.00,0.00,0.00,1332697230,100.00,-1,-1,1332697230,100.00,-1,-1,1332697230,100.00,-1,-1,1332697230,100.00,-1,-1,1332697230,100.00,-1,-1,1332697230,100.00,-1,-1,1332697228,100.00,-1,-1,1332697228,100.00,-1,-1,1332697234,100.00,-1,-1,1332697234,100.00,-1,-1,1332697234,100.00,-1,-1,1332697234,100.00,-1,-1,1332697236,100.00,-1,-1,1332697236,100.00,-1,-1,1332697232,100.00,-1,-1,1332697232,100.00,-1,-1,1099560979,0.00,0.00,0.00,2023367,123.50,123.50,52,731281,11.19,11.19,
2026-01-15,05:34:13.750,2.19,2.40,100.00,0.00,0.00,1332698200,100.00,-1,-1,1332698200,100.00,-1,-1,1332698200,100.00,-1,-1,1332698200,100.00,-1,-1,1332698200,100.00,-1,-1,1332698200,100.00,-1,-1,1332698198,100.00,-1,-1,1332698198,100.00,-1,-1,1332698200,100.00,-1,-1,1332698200,100.00,-1,-1,1332698200,100.00,-1,-1,1332698200,100.00,-1,-1,1332698220,100.00,-1,-1,1332698220,100.00,-1,-1,1332698196,100.00,-1,-1,1332698196,100.00,-1,-1,1099571129,0.00,0.00,0.00,2026300,123.68,123.68,52,733055,11.22,11.22,
2026-01-15,05:34:14.747,2.19,2.40,100.00,0.00,0.00,1333434146,100.00,-1,-1,1333434146,100.00,-1,-1,1333434146,100.00,-1,-1,1333434146,100.00,-1,-1,1333434142,100.00,-1,-1,1333434142,100.00,-1,-1,1333434144,100.00,-1,-1,1333434144,100.00,-1,-1,1333434148,100.00,-1,-1,1333434148,100.00,-1,-1,1333434146,100.00,-1,-1,1333434146,100.00,-1,-1,1333434146,100.00,-1,-1,1333434146,100.00,-1,-1,1333434134,100.00,-1,-1,1333434134,100.00,-1,-1,1100169218,0.00,0.00,0.00,2025599,123.63,123.63,51,734498,11.24,11.24,
